Clan,Session,LOCATION,DAY,MONTH,YEAR,DATE,START,STOP,hyena_count,lion_count,food_present,no_intx_yes_no,numMobs,SessLength
oltukai,200307006,k,12,7,2003,37814,6:59,8:53,27,3,1,0,2,114
airstrip,200309013,k,3,9,2003,37867,6:15,7:15,3,13,1,0,0,60
oltukai,200309027,o,5,9,2003,37869,8:19,8:24,1,3,0,0,NaN,5
oltukai,200310019,k,7,10,2003,37901,8:35,10:24,16,2,1,0,1,109
oltukai,200310094,k,18,10,2003,37912,18:50,19:25,16,1,1,0,0,35
oltukai,200310132,c,23,10,2003,37917,6:04,6:09,1,2,0,1,NaN,5
oltukai,200310139,o,23,10,2003,37917,18:00,18:30,1,2,0,1,NaN,30
Amboseli,200311032,o,15,11,2003,37940,18:06,18:11,1,1,0,0,0,5
oltukai,200311111,k,24,11,2003,37949,7:08,8:35,26,4,1,0,1,87
oltukai,200311157,k,30,11,2003,37955,6:53,8:41,26,6,1,0,0,108
oltukai,200311158,k,30,11,2003,37955,9:27,9:39,15,3,1,1,0,12
oltukai,200312053,o,7,12,2003,37962,19:03,19:08,1,3,0,0,0,5
oltukai,200312069,k,9,12,2003,37964,6:51,7:06,11,7,0,1,NaN,15
oltukai,200312071,k,9,12,2003,37964,7:19,7:47,8,11,0,1,NaN,28
oltukai,200312115,d,13,12,2003,37968,17:43,18:23,4,3,0,0,0,40
oltukai,200401026.1,k,3,1,2004,37989,6:56,7:59,3,8,1,1,NaN,63
oltukai,200401034,c,4,1,2004,37990,7:23,8:51,11,9,1,0,0,88
airstrip,200401069,k,8,1,2004,37994,6:17,7:33,19,12,1,0,0,76
oltukai,200401071,o,8,1,2004,37994,17:23,17:35,1,1,0,1,0,12
airstrip,200401083,k,9,1,2004,37995,7:30,8:30,17,1,1,1,NaN,60
airstrip,200401127,k,14,1,2004,38000,6:34,7:37,14,2,1,0,0,63
oltukai,200404068,k,14,4,2004,38091,8:16,9:21,15,3,1,0,0,65
Amboseli,200404128,k,27,4,2004,38104,8:24,9:01,15,7,1,0,1,37
Amboseli,200404134,c,28,4,2004,38105,6:34,7:14,20,7,1,0,0,40
Amboseli,200404138,c,29,4,2004,38106,6:24,6:29,12,7,1,1,NaN,5
oltukai,200405212,k,27,5,2004,38134,6:12,7:43,25,6,1,0,2,91
oltukai,200406045,k,7,6,2004,38145,6:44,7:34,11,1,1,0,0,50
oltukai,200406046,k,7,6,2004,38145,7:48,8:17,18,3,1,0,1,29
oltukai,200406106,k,12,6,2004,38150,7:44,8:13,21,6,1,0,0,29
oltukai,200407016,o,3,7,2004,38171,6:55,7:40,7,4,0,0,0,45
oltukai,200407182,k,28,7,2004,38196,7:21,8:42,9,4,1,0,0,81
oltukai,200408174,k,27,8,2004,38226,6:41,7:11,4,3,1,0,0,30
oltukai,200408198,d,30,8,2004,38229,18:09,18:20,6,5,0,1,NaN,11
oltukai,200409062,o,6,9,2004,38236,6:25,6:30,3,7,0,1,0,5
oltukai,200409155,o,19,9,2004,38249,18:06,18:11,1,3,0,1,NaN,5
oltukai,200409217,o,30,9,2004,38260,18:33,18:41,1,5,0,0,0,8
oltukai,200410126,d,13,10,2004,38273,6:09,6:40,14,2,0,0,2,31
oltukai,200410159,k,17,10,2004,38277,6:17,7:42,10,2,1,0,0,85
Amboseli,200410230,k,25,10,2004,38285,7:31,7:44,15,6,1,1,0,13
oltukai,200410246,d,28,10,2004,38288,6:10,6:27,4,2,0,0,0,17
oltukai,200411006,k,19,11,2004,38310,7:29,8:33,20,6,1,0,5,64
oltukai,200411025,d,20,11,2004,38311,17:54,18:40,10,1,0,1,0,46
oltukai,200411028,k,21,11,2004,38312,6:00,6:35,13,8,1,0,0,35
oltukai,200411033,d,22,11,2004,38313,5:51,6:03,8,7,0,0,0,12
oltukai,200411034,o,22,11,2004,38313,6:06,6:35,NaN,NaN,0,0,0,29
oltukai,200411052,o,24,11,2004,38315,6:33,7:01,15,6,0,0,6,28
oltukai,200411053,o,24,11,2004,38315,7:03,7:08,6,6,0,1,0,5
oltukai,200411091,k,29,11,2004,38320,5:53,6:49,13,8,1,0,0,56
oltukai,200411093,k,29,11,2004,38320,7:08,7:58,12,9,1,0,0,50
oltukai,200412040,k,6,12,2004,38327,6:55,7:56,15,6,1,1,0,61
oltukai,200412065,k,10,12,2004,38331,6:24,7:19,24,6,1,0,2,55
oltukai,200412100,c,17,12,2004,38338,7:38,8:13,1,3,1,1,0,35
oltukai,200501142,d,17,1,2005,38369,6:40,7:55,12,8,0,0,4,75
oltukai,200501156,k,19,1,2005,38371,7:16,8:52,29,3,1,0,1,96
airstrip,200502040,k,5,2,2005,38388,6:32,9:28,22,4,1,0,7,176
airstrip,200502051,o,6,2,2005,38389,7:16,7:49,1,7,0,1,NaN,33
airstrip,200502066,k,11,2,2005,38394,6:38,6:52,6,2,1,1,0,14
airstrip,200502200,k,25,2,2005,38408,7:50,7:58,3,4,1,1,NaN,8
oltukai,200503038,k,5,3,2005,38416,6:55,7:29,3,8,1,1,0,34
oltukai,200503134,k,13,3,2005,38424,6:41,8:03,15,6,1,0,2,82
oltukai,200504064,o,9,4,2005,38451,7:07,7:13,2,1,0,1,NaN,6
Amboseli,200505185,o,23,5,2005,38495,17:46,18:17,1,7,0,0,0,31
oltukai,200505260,o,30,5,2005,38502,18:48,19:02,1,4,0,1,0,14
Amboseli,200506083,o,8,6,2005,38511,18:16,18:45,1,10,0,1,0,29
oltukai,200506181,o,15,6,2005,38518,18:19,18:50,4,2,0,1,0,31
oltukai,200506207,c,17,6,2005,38520,17:41,17:47,2,4,1,1,0,6
oltukai,200506311,o,28,6,2005,38531,17:34,17:39,1,2,0,1,NaN,5
oltukai,200506313,o,28,6,2005,38531,17:52,18:01,1,4,0,1,0,9
oltukai,200506320,d,29,6,2005,38532,6:53,7:08,10,2,0,0,0,15
oltukai,200506336,o,30,6,2005,38533,9:24,9:38,1,2,0,1,NaN,14
airstrip,200507062,k,6,7,2005,38539,7:17,7:22,11,2,1,1,0,5
airstrip,200507095,k,8,7,2005,38541,6:38,9:05,22,2,1,0,6,147
oltukai,200507096,k,8,7,2005,38541,9:47,10:24,29,6,1,0,3,37
oltukai,200507097,c,9,7,2005,38542,5:59,6:30,25,7,1,0,0,31
oltukai,200507109,o,9,7,2005,38542,17:27,17:32,4,4,0,1,NaN,5
FigTree,100053,o,9,6,2007,39242,8:12,8:17,2,1,0,1,NaN,5
FigTree,100055,c,10,6,2007,39243,7:01,8:30,19,3,1,0,3,89
FigTree,100199,c,6,7,2007,39269,7:01,7:08,13,1,1,0,0,7
FigTree,100249,d,13,7,2007,39276,18:09,19:29,17,1,0,0,0,80
FigTree,100305,c,16,7,2007,39279,8:04,8:29,13,1,1,1,0,25
FigTree,100359.15,d,5,8,2007,39299,7:06,8:12,19,3,0,0,4,66
FigTree,100369,c,12,11,2007,39398,6:14,6:36,10,2,1,0,0,22
FigTree,100638,o,12,4,2008,39550,18:41,19:10,14,12,0,0,0,29
FigTree,100682,o,21,4,2008,39559,7:41,7:46,1,1,0,1,0,5
FigTree,100729,o,5,5,2008,39573,7:27,7:32,5,1,0,1,NaN,5
FigTree,100736,c,16,5,2008,39584,7:09,7:27,7,1,0,1,NaN,18
FigTree,100779,c,15,11,2008,39767,5:58,6:03,3,8,1,0,NaN,5
FigTree,100915,c,11,6,2009,39975,7:34,8:34,11,1,0,1,0,60
FigTree,101325,k,18,12,2009,40165,6:27,7:11,28,2,1,0,1,44
FigTree,101494,o,8,4,2010,40276,6:34,6:39,2,3,0,1,NaN,5
FigTree,101784,c,16,9,2011,40802,6:06,6:11,5,7,1,1,0,5
FigTree,101821,o,17,10,2011,40833,6:36,6:50,4,2,0,1,NaN,14
FigTree,102445,k,29,7,2013,41484,8:29,8:42,1,4,1,1,0,13
FigTree,102459,c,8,8,2013,41494,6:53,7:16,7,3,1,0,0,23
FigTree,102464,k,8,8,2013,41494,18:29,19:08,12,3,1,1,0,39
FigTree,102634,c,23,4,2014,41752,17:57,18:42,30,2,1,0,1,45
FigTree,102667,c,10,5,2014,41769,6:59,7:46,14,2,0,1,NaN,47
FigTree,102774,k,2,11,2014,41945,6:17,7:45,29,2,1,0,8,88
FigTree,102781,o,3,11,2014,41946,18:15,18:20,1,2,0,1,NaN,5
happy.zebra,S0.12,k,24,6,2008,39623,6:39,7:10,6,1,1,0,0,31
happy.zebra,S0.16,o,24,6,2008,39623,16:47,16:52,2,1,0,1,NaN,5
happy.zebra,S0.21,o,26,6,2008,39625,17:50,17:55,4,2,0,1,NaN,5
happy.zebra,S1257,o,26,11,2010,40508,7:08,7:52,13,1,0,0,3,44
serena.n,S1606,o,8,11,2008,39760,17:52,17:53,1,1,0,1,NaN,5
serena.n,S1648,c,16,11,2008,39768,17:41,18:10,4,2,1,1,NaN,29
serena.n,S2058,o,8,6,2009,39972,6:43,7:03,4,2,0,0,0,20
serena.n,S2098,k,21,6,2009,39985,8:23,9:33,15,1,1,0,0,70
serena.n,S2271,o,26,8,2009,40051,5:53,5:54,2,1,0,1,NaN,5
serena.n,S2324,o,22,9,2009,40078,7:21,7:36,3,1,0,1,NaN,15
serena.n,S2548,k,12,3,2010,40249,7:02,7:53,5,4,0,1,NaN,51
serena.n,S2794,o,14,5,2010,40312,18:19,18:50,5,5,0,0,0,31
serena.n,S2798,o,16,5,2010,40314,17:30,18:50,6,2,0,0,0,80
serena.n,S2864,o,3,6,2010,40332,6:08,6:09,1,5,1,1,NaN,5
serena.n,S2902,k,13,6,2010,40342,6:30,9:36,22,6,1,1,NaN,186
serena.n,S3177,k,4,11,2010,40486,5:59,6:10,1,3,1,0,0,11
serena.n,S3179,k,4,11,2010,40486,6:32,7:48,6,3,1,0,1,76
serena.n,S3303,k,20,12,2010,40532,7:49,8:30,10,1,1,1,NaN,41
serena.s,S3460,o,10,2,2009,39854,17:51,17:56,1,5,0,1,NaN,5
serena.s,S3488,c,19,2,2009,39863,18:18,19:04,22,2,1,0,0,46
serena.s,S3526,o,12,3,2009,39884,6:36,7:07,8,3,0,1,NaN,31
serena.s,S3620,k,29,5,2009,39962,18:05,19:06,13,2,1,0,0,61
serena.s,S3672,c,3,7,2009,39997,7:51,8:48,5,6,1,0,0,57
serena.s,S3676,c,3,7,2009,39997,19:01,19:13,2,6,1,1,NaN,12
serena.s,S3834,d,10,10,2009,40096,6:43,7:48,16,3,0,0,4,65
serena.s,S3938,d,26,12,2009,40173,18:31,19:06,11,1,0,1,NaN,35
serena.s,S3985,o,20,1,2010,40198,7:20,7:25,1,8,0,0,NaN,5
serena.s,S4031,o,9,3,2010,40246,18:01,18:02,1,7,0,1,NaN,5
serena.s,S4082,o,3,4,2010,40271,7:38,7:40,1,3,0,1,NaN,5
serena.s,S4564,d,18,12,2010,40530,7:00,8:02,7,1,0,1,NaN,62
serena.s,S4660,o,6,1,2011,40549,7:32,7:40,1,1,0,1,NaN,8
serena.s,S4663,d,6,1,2011,40549,6:28,7:30,NaN,3,0,1,NaN,62
serena.s,S4709,o,17,1,2011,40560,18:38,18:39,3,3,0,1,NaN,5
happy.zebra,S472,k,5,4,2009,39908,18:37,19:12,17,5,1,1,NaN,35
happy.zebra,S485,k,10,4,2009,39913,17:58,18:33,14,13,1,1,NaN,35
serena.s,S4886,d,21,2,2011,40595,6:21,7:28,18,1,0,1,NaN,67
serena.s,S4944,o,26,3,2011,40628,7:16,7:32,1,3,0,1,NaN,16
serena.n,S5188,o,5,7,2011,40729,7:01,7:18,5,6,0,1,NaN,17
serena.s,S5280,d,4,8,2011,40759,16:24,18:46,13,1,0,1,NaN,142
serena.s,S5434,k,16,10,2011,40832,8:26,9:36,9,9,1,0,2,70
happy.zebra,S545,o,5,5,2009,39938,6:44,7:16,9,2,0,1,0,32
serena.s,S5609,k,11,11,2011,40858,6:10,6:57,10,3,1,1,NaN,47
serena.s,S5751,c,23,11,2011,40870,6:42,7:02,3,5,0,1,NaN,20
serena.s,S5803,k,30,11,2011,40877,9:01,9:49,31,7,1,0,0,48
serena.s,S5891.1,o,20,12,2011,40897,7:06,7:13,5,4,0,1,NaN,7
serena.n,S5974,k,15,1,2011,40558,6:48,10:30,28,10,1,0,2,222
serena.n,S6216,o,2,4,2011,40635,17:48,18:35,9,1,0,1,0,47
serena.n,S6220,c,4,4,2011,40637,7:18,7:57,11,11,1,0,1,39
serena.n,S6325,d,16,5,2011,40679,5:51,7:10,23,3,0,0,0,79
serena.n,S6326,o,16,5,2011,40679,7:11,8:26,6,3,0,0,0,75
serena.n,S6395,o,26,5,2011,40689,18:53,18:54,2,2,0,1,NaN,5
happy.zebra,S642,k,13,6,2009,39977,6:24,8:49,15,4,1,1,NaN,145
happy.zebra,S644,o,13,6,2009,39977,18:27,18:39,6,4,0,1,NaN,12
happy.zebra,S648,c,14,6,2009,39978,6:26,7:23,14,4,1,1,NaN,57
serena.n,S6975,o,29,9,2011,40815,18:06,18:16,1,3,0,1,NaN,10
serena.n,S7096,m,8,11,2011,40855,9:00,9:33,4,1,0,1,NaN,33
happy.zebra,S7390,d,13,5,2011,40676,18:01,19:02,7,2,0,1,NaN,61
happy.zebra,S7393,o,15,5,2011,40678,7:15,7:26,1,1,0,1,NaN,11
happy.zebra,S7508,k,24,6,2011,40718,6:51,8:30,12,5,1,0,0,99
happy.zebra,S7512,k,29,6,2011,40723,6:31,8:51,14,5,1,0,0,140
happy.zebra,S896,o,18,11,2009,40135,7:37,7:59,1,2,0,1,NaN,22
happy.zebra,S953,c,13,1,2010,40191,6:59,7:11,5,3,1,1,NaN,12
happy.zebra,S986,o,20,2,2010,40229,8:19,9:15,2,1,0,1,NaN,56
talek,17,d,2,7,1988,32326,6:34,6:49,9,1,0,1,NaN,15
talek,17.1,o,2,7,1988,32326,6:55,7:00,5,1,0,1,NaN,5
talek,53.5,k,19,7,1988,32343,8:02,8:12,1,2,1,1,NaN,10
talek,65,d,22,7,1988,32346,7:54,8:21,4,2,0,1,0,27
talek,66,k,22,7,1988,32346,17:40,17:56,6,1,1,1,NaN,16
talek,127.2,o,8,9,1988,32394,17:45,17:54,4,3,0,1,NaN,9
talek,135.2,d,12,9,1988,32398,6:28,6:51,4,2,0,0,1,23
talek,167,d,10,10,1988,32426,17:41,18:44,14,4,0,1,NaN,63
talek,206,d,21,11,1988,32468,17:30,18:59,23,5,0,1,0,89
talek,209.1,k,22,11,1988,32469,18:52,18:57,NaN,1,1,1,NaN,5
talek,221.3,o,27,11,1988,32474,7:53,8:10,1,3,1,0,0,17
talek,236,k,3,12,1988,32480,6:24,7:00,3,2,1,1,NaN,36
talek,269,o,20,12,1988,32497,6:32,7:19,9,2,0,0,0,47
talek,290.5,d,29,12,1988,32506,7:10,7:15,3,1,1,1,NaN,5
talek,339,o,16,1,1989,32524,17:05,18:04,13,NaN,0,1,NaN,59
talek,339.1,o,16,1,1989,32524,18:17,18:44,21,1,1,0,0,27
talek,379,d,12,2,1989,32551,18:42,19:17,15,NaN,0,1,NaN,35
talek,458,k,25,3,1989,32592,7:45,8:37,28,1,1,0,0,52
talek,461,d,26,3,1989,32593,17:37,18:53,20,NaN,0,1,NaN,76
talek,465.1,o,28,3,1989,32595,7:19,7:24,3,NaN,0,1,NaN,5
talek,467.6,o,29,3,1989,32596,7:15,7:20,3,1,0,1,NaN,5
talek,524,d,21,5,1989,32649,17:00,18:36,21,NaN,0,1,NaN,96
talek,554,o,30,5,1989,32658,7:09,7:39,22,2,0,0,0,30
talek,567,k,3,6,1989,32662,7:30,8:54,28,2,1,0,0,84
talek,671,o,10,8,1989,32730,6:54,8:20,20,2,0,0,4,86
talek,708.5,o,9,9,1989,32760,17:35,18:09,3,9,1,1,NaN,34
talek,732.4,o,19,9,1989,32770,6:08,6:13,1,1,0,1,NaN,5
talek,733,k,19,9,1989,32770,6:27,7:50,25,1,1,0,0,83
talek,785,d,19,10,1989,32800,6:14,7:18,13,1,0,1,NaN,64
talek,843,o,15,11,1989,32827,7:30,8:14,8,3,0,1,NaN,44
talek,864,o,25,11,1989,32837,6:11,8:23,31,3,0,0,0,132
talek,867.1,o,26,11,1989,32838,6:08,6:13,4,2,0,0,0,5
talek,867.2,k,25,11,1989,32837,19:02,19:12,12,NaN,1,1,NaN,10
talek,879,k,2,12,1989,32844,6:46,8:06,23,3,1,0,0,80
talek,888,k,13,12,1989,32855,7:05,7:52,27,2,1,1,NaN,47
talek,888.1,k,13,12,1989,32855,10:30,14:30,27,2,1,1,NaN,240
talek,888.2,k,13,12,1989,32855,14:30,15:30,27,2,1,1,NaN,60
talek,889,k,13,12,1989,32855,16:54,18:54,30,2,1,0,3,120
talek,891,k,14,12,1989,32856,6:43,7:59,27,1,1,1,NaN,76
talek,905.3,o,19,12,1989,32861,6:22,6:27,2,2,0,1,NaN,5
talek,908.1,k,19,12,1989,32861,18:30,18:40,3,2,1,1,NaN,10
talek,908.2,d,19,12,1989,32861,18:50,18:55,5,2,0,0,0,5
talek,936.2,k,13,1,1990,32886,18:30,18:45,9,3,1,0,1,15
talek,1013.3,o,11,4,1990,32974,17:26,18:17,10,15,1,0,0,51
talek,1018,d,14,4,1990,32977,17:19,18:55,8,NaN,0,1,NaN,96
talek,1021.7,o,16,4,1990,32979,18:32,18:37,6,4,0,1,NaN,5
talek,1038.3,k,25,4,1990,32988,18:25,18:45,22,1,1,0,0,20
talek,1040.3,d,27,4,1990,32990,6:26,7:42,25,NaN,1,1,0,76
talek,1088.2,o,5,6,1990,33029,7:24,7:56,3,1,0,0,0,32
talek,1110.3,k,27,6,1990,33051,7:00,10:10,39,2,1,0,1,190
talek,1140,k,2,8,1990,33087,6:43,9:28,25,NaN,1,0,2,165
talek,1190,k,21,8,1990,33106,6:30,8:12,30,2,1,1,0,102
talek,1198.1,o,25,8,1990,33110,6:56,7:01,2,2,0,1,NaN,5
talek,1209,k,31,8,1990,33116,9:00,9:29,11,6,1,0,0,29
talek,1213,d,3,9,1990,33119,6:36,7:48,14,NaN,0,1,NaN,72
talek,1238,k,19,9,1990,33135,7:00,7:08,2,6,1,1,0,8
talek,1245,k,24,9,1990,33140,7:08,7:26,1,2,1,0,0,18
talek,1247,d,24,9,1990,33140,17:59,18:50,10,NaN,0,1,NaN,51
talek,1287,k,18,10,1990,33164,6:27,7:13,3,1,1,1,0,46
talek,1311,o,11,11,1990,33188,7:16,8:25,1,2,1,1,0,69
talek,1360,k,22,12,1990,33229,7:00,8:20,8,1,1,0,0,80
talek,1361,d,23,12,1990,33230,17:44,18:39,2,NaN,0,1,0,55
talek,1365,o,24,12,1990,33231,7:22,7:27,29,2,1,1,NaN,5
talek,1369,d,25,12,1990,33232,17:58,19:01,8,NaN,0,1,NaN,63
talek,1373,d,27,12,1990,33234,17:32,19:12,14,NaN,0,1,0,100
talek,1374,k,28,12,1990,33235,7:22,7:32,21,NaN,1,1,0,10
talek,1386,k,31,12,1990,33238,6:15,8:42,24,2,1,0,0,147
talek,1388,d,1,1,1991,33239,6:16,6:27,5,NaN,0,1,NaN,11
talek,1388.2,o,1,1,1991,33239,7:06,7:16,5,1,1,1,0,10
talek,1389,o,1,1,1991,33239,7:26,7:54,7,1,0,1,0,28
talek,1411,o,7,1,1991,33245,18:36,19:04,3,NaN,0,1,0,28
talek,1468.1,o,2,2,1991,33271,7:20,8:18,3,21,0,1,NaN,58
talek,1480.2,o,8,2,1991,33277,7:23,7:28,1,5,0,1,NaN,5
talek,1525.3,o,9,3,1991,33306,7:05,7:20,3,1,0,1,NaN,15
talek,1529.1,d,11,3,1991,33308,6:40,6:55,8,2,0,1,NaN,15
talek,1569.3,o,27,5,1991,33385,6:58,10:28,16,9,1,0,0,210
talek,1578.1,o,4,6,1991,33393,17:30,18:02,5,9,0,1,NaN,32
talek,1589,o,16,6,1991,33405,6:44,8:00,2,1,0,1,0,76
talek,1598,k,28,6,1991,33417,17:10,18:34,5,1,1,0,0,84
talek,1602.1,k,30,6,1991,33419,17:33,18:38,14,7,1,1,0,65
talek,1603.1,k,1,7,1991,33420,6:34,8:15,18,1,1,0,0,101
talek,1605,k,2,7,1991,33421,16:20,19:00,19,5,1,0,0,160
talek,1612,k,6,7,1991,33425,17:20,17:31,1,9,1,1,NaN,11
talek,1625,o,12,7,1991,33431,6:35,6:40,6,4,0,1,NaN,5
talek,1627,k,13,7,1991,33432,6:07,7:10,15,7,1,0,0,63
talek,1636.1,k,24,7,1991,33443,6:40,6:45,1,11,1,1,NaN,5
talek,1637.1,k,24,7,1991,33443,18:38,18:43,1,11,1,1,NaN,5
talek,1638,k,25,7,1991,33444,6:25,7:10,1,7,1,1,0,45
talek,1651.2,k,31,7,1991,33450,7:13,8:15,1,3,0,0,0,62
talek,1654.8,o,1,8,1991,33451,16:50,16:55,1,4,0,1,NaN,5
talek,1659,o,3,8,1991,33453,7:05,7:21,1,1,0,1,0,16
talek,1672,k,11,8,1991,33461,6:30,6:55,3,5,1,1,0,25
talek,1697,o,30,8,1991,33480,18:20,18:25,1,5,0,1,NaN,5
talek,1701.6,k,1,9,1991,33482,7:40,7:45,2,1,1,1,NaN,5
talek,1712.1,o,5,9,1991,33486,6:56,7:44,4,NaN,0,1,NaN,48
talek,1738,o,14,9,1991,33495,6:25,6:30,3,1,0,1,NaN,5
talek,1738.6,o,14,9,1991,33495,7:00,8:23,11,1,0,0,5,83
talek,1738.7,o,14,9,1991,33495,8:32,9:25,7,NaN,1,1,0,53
talek,1748.3,k,20,9,1991,33501,6:59,8:00,7,7,1,1,0,61
talek,1754.1,k,21,9,1991,33502,6:27,8:25,2,NaN,1,1,0,118
talek,1818,d,25,10,1991,33536,5:17,7:55,24,1,1,1,0,158
talek,1823,k,27,10,1991,33538,6:30,6:50,15,4,0,1,0,20
talek,1825,o,28,10,1991,33539,6:26,7:39,1,NaN,0,1,NaN,73
talek,1837.2,k,5,11,1991,33547,6:55,7:00,1,2,1,1,NaN,5
talek,1849,d,9,11,1991,33551,17:37,18:50,19,2,0,1,NaN,73
talek,1850,o,10,11,1991,33552,6:36,7:35,1,6,0,1,NaN,59
talek,1862,k,15,11,1991,33557,7:43,8:20,2,7,1,1,NaN,37
talek,1863.1,k,15,11,1991,33557,18:45,18:55,1,1,1,0,0,10
talek,1864,o,15,11,1991,33557,6:08,7:59,3,1,1,0,0,111
talek,1868.2,k,18,11,1991,33560,8:25,8:38,3,3,1,1,0,13
talek,1870.02,o,19,11,1991,33561,18:45,18:50,2,2,0,0,NaN,5
talek,1876,o,21,11,1991,33563,5:57,7:20,7,1,0,1,0,83
talek,1878,k,21,11,1991,33563,8:09,8:30,2,14,1,1,0,21
talek,1903.8,o,1,12,1991,33573,18:06,18:11,1,NaN,0,1,NaN,5
talek,1906.3,o,3,12,1991,33575,6:56,7:01,2,4,0,1,NaN,5
talek,1910,o,5,12,1991,33577,6:19,6:28,1,8,0,1,NaN,9
talek,1919.2,o,17,12,1991,33589,7:15,7:20,5,6,0,1,NaN,5
talek,1929.1,o,22,12,1991,33594,6:38,6:43,1,4,0,1,NaN,5
talek,1933,o,23,12,1991,33595,6:31,6:45,4,NaN,0,1,NaN,14
talek,1958,o,7,1,1992,33610,6:25,7:15,8,8,0,1,NaN,50
talek,1959,o,7,1,1992,33610,7:26,8:42,6,1,0,0,0,76
talek,1960.4,o,8,1,1992,33611,9:04,9:09,2,1,0,1,NaN,5
talek,1971,o,23,1,1992,33626,7:07,7:53,7,2,0,1,NaN,46
talek,1979,o,29,1,1992,33632,7:43,7:52,1,1,0,1,NaN,9
talek,2011,d,4,3,1992,33667,18:27,19:11,11,NaN,0,1,NaN,44
talek,2022,k,8,3,1992,33671,6:35,9:21,4,16,1,1,NaN,166
talek,2044,c,31,3,1992,33694,6:30,6:40,3,2,1,1,NaN,10
talek,2047,k,1,4,1992,33695,6:00,9:00,25,3,1,0,0,180
talek,2058,k,8,4,1992,33702,6:36,8:00,19,5,1,0,0,84
talek,2085,o,12,1,1992,33615,6:27,6:59,3,1,0,1,NaN,32
talek,2086,o,14,1,1992,33617,7:17,7:49,4,NaN,1,1,NaN,32
talek,2094,o,24,1,1992,33627,9:25,9:53,7,NaN,0,1,NaN,28
talek,2096.7,o,20,12,1991,33592,6:28,6:33,1,6,0,1,NaN,5
talek,2123.7,d,3,5,1992,33727,17:10,17:15,3,2,0,1,NaN,5
talek,2129.3,k,6,5,1992,33730,7:55,8:00,10,NaN,1,1,0,5
talek,2132,k,7,5,1992,33731,6:30,8:06,6,8,1,1,0,96
talek,2133.7,k,8,5,1992,33732,7:00,7:05,2,NaN,1,1,NaN,5
talek,2135,k,8,5,1992,33732,17:30,18:50,24,8,1,0,0,80
talek,2155,k,23,5,1992,33747,6:37,7:55,18,1,1,1,NaN,78
talek,2160.4,o,25,5,1992,33749,17:57,18:02,7,8,0,1,NaN,5
talek,2169,o,31,5,1992,33755,6:45,7:40,6,2,0,0,0,55
talek,2182,k,8,6,1992,33763,6:50,7:17,15,1,1,1,0,27
talek,2183,d,8,6,1992,33763,7:19,7:41,8,7,0,1,0,22
talek,2183.6,o,8,6,1992,33763,17:47,17:52,3,8,0,1,NaN,5
talek,2194,o,12,6,1992,33767,6:00,6:45,2,3,0,1,0,45
talek,3001,k,14,6,1992,33769,17:03,18:16,6,8,1,0,0,73
talek,3002,o,15,6,1992,33770,7:08,7:24,2,8,1,1,0,16
talek,3005,d,16,6,1992,33771,6:20,7:39,30,5,0,0,2,79
talek,3006,d,16,6,1992,33771,16:20,18:07,15,2,1,0,0,107
talek,3025,o,11,7,1992,33796,6:58,7:36,10,1,0,1,NaN,38
talek,3040,k,16,7,1992,33801,16:55,18:21,13,1,0,1,NaN,86
talek,3064,d,24,7,1992,33809,6:29,7:28,11,4,0,0,0,59
talek,3068.11,k,29,7,1992,33814,6:18,6:26,1,3,1,1,NaN,8
talek,3148,k,19,9,1992,33866,6:58,8:07,10,6,1,0,2,69
talek,3156,k,21,9,1992,33868,7:33,7:54,3,2,1,1,0,21
talek,3185,d,14,10,1992,33891,6:19,6:45,8,2,0,1,NaN,26
talek,3192,k,16,10,1992,33893,6:33,8:44,20,3,1,0,0,131
talek,3210,k,23,10,1992,33900,6:18,7:18,16,NaN,1,1,NaN,60
talek,3264,d,1,11,1992,33909,18:03,18:50,11,NaN,0,1,NaN,47
talek,3290,o,22,11,1992,33930,18:23,18:57,5,15,0,1,NaN,34
talek,3336,k,20,12,1992,33958,6:34,9:15,29,3,1,0,NaN,161
talek,3337,d,20,12,1992,33958,17:40,18:50,13,2,0,1,NaN,70
talek,3347,k,26,11,1992,33934,7:15,7:46,5,1,1,0,0,31
talek,3357,o,24,12,1992,33962,6:29,8:06,8,3,0,1,0,97
talek,3367,d,28,12,1992,33966,18:43,19:09,6,NaN,0,1,NaN,26
talek,3370,d,30,12,1992,33968,7:06,7:49,7,2,0,1,NaN,43
talek,3374.5,k,30,12,1992,33968,18:47,19:33,12,4,1,0,0,46
talek,3488,d,19,4,1993,34078,6:16,6:30,6,1,0,1,NaN,14
talek,3489,o,19,4,1993,34078,6:34,7:32,14,3,0,1,NaN,58
talek,3512,k,3,5,1993,34092,6:20,9:17,29,3,1,0,0,177
talek,3561.6,o,2,12,1992,33940,17:21,17:26,1,3,0,1,NaN,5
talek,3563,k,3,12,1992,33941,6:30,7:16,14,4,1,1,NaN,46
talek,3586,k,9,1,1993,33978,7:17,8:05,9,1,1,0,4,48
talek,3671.5,o,24,12,1992,33962,6:46,6:51,4,3,0,1,NaN,5
talek,3716,o,25,1,1993,33994,6:38,7:15,4,3,0,0,0,37
talek,3723,o,26,1,1993,33995,6:33,9:00,17,3,0,1,NaN,147
talek,3732.11,k,1,2,1993,34001,6:30,6:54,3,2,0,1,NaN,24
talek,3739,d,4,2,1993,34004,18:22,19:15,7,1,0,0,0,53
talek,3740,o,6,2,1993,34006,6:20,8:17,15,4,0,0,3,117
talek,3761,k,9,2,1993,34009,8:25,8:30,NaN,1,1,1,NaN,5
talek,5006.2,d,24,12,1992,33962,6:46,6:51,2,3,0,1,NaN,5
talek,5208,k,25,3,1993,34053,17:00,19:11,10,1,1,0,1,131
talek,5237,k,5,4,1993,34064,6:33,7:45,29,2,1,0,4,72
talek,5253,d,11,4,1993,34070,17:42,19:00,NaN,NaN,0,0,NaN,78
talek,5271,k,18,4,1993,34077,6:15,8:38,36,NaN,1,0,0,143
talek,5304,k,29,4,1993,34088,6:25,7:22,32,2,1,0,1,57
talek,5319,o,16,5,1993,34105,6:20,6:25,NaN,NaN,0,0,NaN,5
talek,5320,k,16,5,1993,34105,6:50,9:00,21,2,1,0,0,130
talek,5326,c,19,5,1993,34108,17:59,19:00,NaN,NaN,1,0,0,61
talek,5360,k,2,6,1993,34122,6:25,7:37,22,2,1,1,NaN,72
talek,5379,o,9,6,1993,34129,17:41,18:40,NaN,NaN,0,0,NaN,59
talek,5432,o,17,5,1993,34106,6:18,6:42,3,1,0,1,NaN,24
talek,5612,k,31,7,1993,34181,6:32,7:42,25,2,1,0,0,70
talek,5650,k,29,7,1993,34179,7:10,9:20,2,5,1,0,0,130
talek,5683,d,6,8,1993,34187,17:42,18:25,5,1,0,0,0,43
talek,5728,k,29,7,1993,34179,6:33,8:07,5,9,1,0,0,94
talek,5747,k,1,8,1993,34182,6:40,7:20,4,3,1,0,0,40
talek,5825,c,6,8,1993,34187,7:00,7:14,1,3,1,1,NaN,14
talek,6038,k,10,9,1993,34222,6:25,7:40,NaN,NaN,0,0,NaN,75
talek,6074,d,18,9,1993,34230,6:40,7:13,NaN,NaN,0,0,NaN,33
talek,6081,d,20,9,1993,34232,6:24,7:25,NaN,NaN,0,0,NaN,61
talek,6086,k,21,9,1993,34233,6:30,9:32,30,4,1,0,4,182
talek,6106,k,24,9,1993,34236,8:19,8:40,5,2,1,0,0,21
talek,6107,o,24,9,1993,34236,17:38,18:58,17,3,0,0,5,80
talek,6108,d,25,9,1993,34237,6:15,6:57,8,1,0,1,0,42
talek,6165,d,9,10,1993,34251,6:45,7:03,NaN,NaN,0,0,NaN,18
talek,6177,k,19,10,1993,34261,6:20,6:55,NaN,NaN,0,0,NaN,35
talek,6228,d,17,11,1993,34290,5:53,7:15,30,7,0,0,0,82
talek,6233,d,17,11,1993,34290,18:09,18:30,3,7,0,1,NaN,21
talek,6419,d,31,12,1993,34334,6:30,8:10,8,1,0,0,0,100
talek,6433,c,13,1,1994,34347,6:25,7:15,7,1,1,1,NaN,50
talek,6452,o,18,1,1994,34352,7:18,7:49,13,1,0,0,2,31
talek,6461,k,20,1,1994,34354,7:19,7:29,5,1,1,1,0,10
talek,6564,o,17,2,1994,34382,7:46,8:15,20,3,0,0,3,29
talek,6626,k,25,3,1994,34418,6:54,7:37,4,4,1,0,0,43
talek,6665,o,2,4,1994,34426,6:38,7:28,8,6,0,0,0,50
talek,6679,o,3,4,1994,34427,7:48,7:59,7,5,0,1,NaN,11
talek,6699,o,4,4,1994,34428,8:36,9:15,2,1,0,0,0,39
talek,6748,o,17,4,1994,34441,7:09,7:14,1,7,0,1,NaN,5
talek,6776,o,22,4,1994,34446,6:35,6:45,5,4,0,1,NaN,10
talek,6840,k,28,4,1994,34452,15:09,15:14,1,6,1,1,NaN,5
talek,6946,o,7,5,1994,34461,7:26,7:31,1,5,0,1,NaN,5
talek,6977,d,18,5,1994,34472,17:30,18:34,1,2,0,1,0,64
talek,7081,o,29,5,1994,34483,6:35,7:35,10,1,0,0,2,60
talek,7219,d,16,6,1994,34501,17:50,17:55,3,NaN,0,1,NaN,5
talek,7228,k,17,6,1994,34502,7:58,9:51,9,2,1,0,2,113
talek,7242,k,19,6,1994,34504,7:20,7:25,2,1,0,1,NaN,5
talek,7598,k,19,7,1994,34534,19:07,20:35,20,1,1,0,0,88
talek,7969,k,16,9,1994,34593,7:11,9:19,9,2,1,1,NaN,128
talek,8012,d,27,9,1994,34604,6:13,8:08,20,2,0,0,0,115
talek,8195,k,18,10,1994,34625,7:08,9:50,11,4,1,0,0,162
talek,8358,d,28,12,1994,34696,6:23,6:56,4,2,0,1,0,33
talek,8427,k,10,2,1995,34740,9:24,9:53,1,1,1,0,0,29
talek,8431,k,10,2,1995,34740,18:00,18:54,22,1,1,0,0,54
talek,8449.4,o,15,2,1995,34745,7:53,7:58,2,3,0,1,NaN,5
talek,8450,k,15,2,1995,34745,8:12,9:23,16,2,1,1,NaN,71
talek,8558,c,19,2,1995,34749,7:29,7:48,1,2,1,0,0,19
talek,8580,o,7,3,1995,34765,19:00,19:31,17,1,0,0,6,31
talek,8581,k,8,3,1995,34766,9:06,10:20,10,12,1,0,0,74
talek,8626,n,25,3,1995,34783,9:03,9:14,2,2,0,0,0,11
talek,8626.1,d,25,3,1995,34783,19:10,19:15,1,1,0,1,NaN,5
talek,8642.12,k,9,4,1995,34798,6:50,6:55,1,2,1,1,NaN,5
talek,8685,k,27,5,1995,34846,6:35,8:10,16,9,1,1,0,95
talek,8689.1,o,28,5,1995,34847,18:05,18:36,18,4,0,1,NaN,31
talek,8699,k,3,6,1995,34853,6:50,10:43,16,8,1,0,7,233
talek,8710.23,o,10,6,1995,34860,8:14,8:19,1,1,0,1,NaN,5
talek,8755,c,12,7,1995,34892,8:05,8:47,6,1,1,1,0,42
talek,8784.4,o,25,7,1995,34905,6:46,7:04,10,3,0,1,NaN,18
talek,8784.5,o,25,7,1995,34905,7:07,7:12,1,2,0,0,0,5
talek,8820,k,24,8,1995,34935,6:15,6:38,22,1,1,0,1,23
talek,8856,o,12,9,1995,34954,18:30,18:40,3,1,0,0,0,10
talek,8895,k,30,9,1995,34972,6:40,7:55,22,1,1,0,0,75
talek,8967.7,k,16,11,1995,35019,17:50,17:57,4,2,1,1,NaN,7
talek,8968,k,16,11,1995,35019,18:21,18:58,25,2,1,0,4,37
talek,9001,c,3,12,1995,35036,7:00,8:27,16,5,1,0,5,87
talek,9008.11,o,10,12,1995,35043,8:25,8:47,1,5,1,1,NaN,22
talek,9025,k,24,12,1995,35057,6:32,9:05,24,2,1,1,0,153
talek,9052,k,17,1,1996,35081,6:35,6:55,26,3,1,0,0,20
talek,9098.3,o,19,2,1996,35114,8:04,8:13,3,1,0,1,NaN,9
talek,9106,k,25,2,1996,35120,6:35,7:32,12,3,1,0,0,57
talek,9110.2,o,6,3,1996,35130,8:17,8:22,2,1,0,0,0,5
talek,9114,k,8,3,1996,35132,7:28,8:30,20,4,1,0,1,62
talek,9116.14,o,11,3,1996,35135,6:30,6:35,NaN,NaN,0,0,NaN,5
talek,9116.15,d,11,3,1996,35135,6:34,6:39,1,2,0,1,NaN,5
talek,9117,d,11,3,1996,35135,6:36,6:59,15,1,1,0,0,23
talek,9118,d,11,3,1996,35135,18:07,18:50,16,3,0,0,0,43
talek,9132.2,o,22,3,1996,35146,7:30,7:45,2,1,0,0,0,15
talek,9140,d,26,3,1996,35150,8:17,8:37,7,1,1,0,0,20
talek,9149.1,d,6,4,1996,35161,18:53,18:58,2,1,0,1,NaN,5
talek,9161.11,d,15,4,1996,35170,18:46,18:51,1,2,0,1,NaN,5
talek,9162,o,15,4,1996,35170,18:50,19:11,2,2,0,0,NaN,21
talek,9166,o,17,4,1996,35172,6:40,7:26,3,1,0,0,0,46
talek,9171,k,20,4,1996,35175,6:40,7:25,18,2,1,0,0,45
talek,9179,o,3,5,1996,35188,17:53,18:36,9,3,0,1,NaN,43
talek,9180,k,4,5,1996,35189,6:25,7:14,30,2,1,0,0,49
talek,9185,m,9,5,1996,35194,6:31,6:57,6,1,0,0,0,26
talek,9199,k,26,5,1996,35211,7:00,7:30,25,1,1,1,0,30
talek,9199.9,o,27,5,1996,35212,6:50,6:55,NaN,NaN,0,0,NaN,5
talek,9209.3,o,3,6,1996,35219,7:50,7:55,NaN,NaN,0,0,NaN,5
talek,9212.7,d,4,6,1996,35220,18:37,18:45,6,0,0,1,NaN,8
talek,9213.14,o,5,6,1996,35221,7:08,7:13,5,3,0,1,NaN,5
talek,9214,c,6,6,1996,35222,6:35,7:02,5,3,1,1,0,27
talek,9219,k,10,6,1996,35226,18:38,19:18,17,NaN,1,0,NaN,40
talek,9220,o,11,6,1996,35227,6:25,7:13,12,1,0,0,0,48
talek,9223.5,c,13,6,1996,35229,17:38,17:43,NaN,NaN,0,0,NaN,5
talek,9228.4,d,15,6,1996,35231,17:48,17:53,NaN,NaN,0,0,NaN,5
talek,9404,k,19,6,1996,35235,6:00,6:05,1,2,1,1,NaN,5
talek,9408,o,19,6,1996,35235,7:03,7:08,1,1,0,1,NaN,5
talek,9409,c,19,6,1996,35235,7:12,7:17,5,2,1,1,NaN,5
talek,9574,k,24,6,1996,35240,17:53,18:27,5,1,1,0,0,34
talek,9688,k,29,6,1996,35245,6:20,6:30,6,3,1,1,0,10
talek,9794,k,9,7,1996,35255,6:19,8:08,23,3,1,0,2,109
talek,9846,m,11,7,1996,35257,18:20,18:56,11,3,0,0,0,36
talek,9888,k,14,7,1996,35260,6:46,7:25,21,3,1,0,0,39
talek,9975,o,19,7,1996,35265,17:36,18:11,6,3,0,1,NaN,35
talek,10175,d,27,7,1996,35273,6:15,6:20,23,1,0,0,2,5
talek,10674,d,2,9,1996,35310,6:38,7:30,11,0,0,1,NaN,52
talek,10682,k,4,9,1996,35312,19:15,19:55,21,1,1,0,0,40
talek,10693,d,8,9,1996,35316,6:42,7:25,13,0,1,1,NaN,43
talek,10704,k,11,9,1996,35319,8:56,10:08,NaN,NaN,0,0,NaN,72
talek,10705,k,12,9,1996,35320,6:21,7:53,21,1,1,0,0,92
talek,10723.13,k,17,9,1996,35325,7:20,7:25,3,1,1,1,NaN,5
talek,10748,o,29,9,1996,35337,18:06,18:48,15,2,0,1,0,42
talek,10753.2,o,2,10,1996,35340,17:46,17:51,NaN,NaN,0,0,NaN,5
talek,10764.11,o,6,10,1996,35344,6:42,6:47,1,1,0,1,NaN,5
talek,10764.2,k,6,10,1996,35344,8:28,8:40,2,1,1,0,0,12
talek,10764.5,o,6,10,1996,35344,6:56,8:14,1,3,0,0,0,78
talek,10764.7,o,6,10,1996,35344,6:13,6:18,NaN,NaN,0,0,NaN,5
talek,10765,o,6,10,1996,35344,18:40,18:45,1,3,0,1,NaN,5
talek,10776.11,o,10,10,1996,35348,6:07,6:12,NaN,NaN,0,0,NaN,5
talek,10785,k,12,10,1996,35350,18:08,18:52,15,4,1,0,1,44
talek,10790.14,k,14,10,1996,35352,7:26,7:31,8,4,1,1,NaN,5
talek,10790.4,o,14,10,1996,35352,6:58,7:03,NaN,NaN,0,0,NaN,5
talek,10807,k,18,10,1996,35356,6:05,7:08,8,2,1,0,0,63
talek,10847,k,26,10,1996,35364,6:07,9:05,29,1,1,0,2,178
talek,10897,k,12,11,1996,35381,5:51,6:31,4,3,1,0,0,40
talek,10913.1,o,15,11,1996,35384,8:42,9:05,1,2,0,1,NaN,23
talek,10917,m,16,11,1996,35385,6:22,7:28,2,1,0,1,NaN,66
talek,10941.3,k,24,11,1996,35393,9:11,9:16,1,4,1,1,NaN,5
talek,10946.3,k,26,11,1996,35395,9:05,9:10,NaN,NaN,0,0,NaN,5
talek,11022,o,18,12,1996,35417,6:10,8:51,15,NaN,1,0,0,161
talek,11030,d,21,12,1996,35420,6:30,7:10,4,2,0,0,0,40
talek,11080,o,4,1,1997,35434,6:34,8:23,9,2,1,0,0,109
talek,11103.1,o,10,1,1997,35440,7:28,7:33,NaN,NaN,0,0,NaN,5
talek,11103.2,o,10,1,1997,35440,7:42,8:12,3,5,0,1,NaN,30
talek,11128,k,18,1,1997,35448,6:44,8:26,27,1,1,0,0,102
talek,11163.2,m,4,2,1997,35465,7:16,7:22,2,2,0,0,0,6
talek,11163.4,m,4,2,1997,35465,7:30,7:42,2,1,0,1,NaN,12
talek,11172.1,k,8,2,1997,35469,8:38,9:18,4,3,1,1,NaN,40
talek,11175,k,9,2,1997,35470,6:35,7:20,26,2,1,0,0,45
talek,11235,k,3,3,1997,35492,6:26,7:00,19,3,1,1,0,34
talek,11259,d,8,3,1997,35497,6:23,7:24,16,1,0,0,1,61
talek,11396.2,k,21,4,1997,35541,18:32,18:39,NaN,2,1,0,0,7
talek,11408,k,27,4,1997,35547,6:23,7:04,6,2,1,0,0,41
talek,11417.2,k,30,4,1997,35550,7:47,8:02,20,1,1,0,2,15
talek,11582,m,20,5,1997,35570,7:13,7:29,5,3,0,1,0,16
talek,11588,o,21,5,1997,35571,7:59,8:04,1,3,0,1,NaN,5
talek,11649,o,28,5,1997,35578,6:29,6:44,1,2,0,1,0,15
talek,11656.3,m,30,5,1997,35580,6:33,6:38,2,3,0,1,NaN,5
talek,11661.4,o,30,5,1997,35580,18:01,18:06,1,3,0,1,NaN,5
talek,11668.1,o,31,5,1997,35581,17:35,17:40,NaN,NaN,0,0,NaN,5
talek,11751,m,6,6,1997,35587,6:55,7:09,3,3,0,0,0,14
talek,11891,k,13,6,1997,35594,6:43,7:30,5,1,1,0,0,47
talek,11943.1,o,16,6,1997,35597,8:05,8:10,1,1,0,1,NaN,5
talek,12172,o,1,7,1997,35612,7:53,7:58,1,3,0,0,0,5
talek,12214,k,2,7,1997,35613,6:00,7:00,7,10,1,0,0,60
talek,12433,o,9,7,1997,35620,7:38,7:43,1,2,0,1,NaN,5
talek,12504,d,12,7,1997,35623,6:28,7:39,6,2,0,1,0,71
talek,12927,m,26,7,1997,35637,7:50,8:19,2,2,0,0,0,29
talek,12939,k,26,7,1997,35637,7:14,8:00,8,3,1,0,0,46
talek,13099,k,3,8,1997,35645,7:01,7:37,32,1,1,0,0,36
talek,13101,k,3,8,1997,35645,6:31,6:59,19,1,1,0,1,28
talek,13174,k,8,8,1997,35650,6:43,7:19,29,1,1,0,0,36
talek,13347,k,29,8,1997,35671,7:00,7:22,27,0,1,0,NaN,22
talek,13412.2,o,5,9,1997,35678,6:31,6:36,1,1,0,1,NaN,5
talek,13434,m,7,9,1997,35680,6:18,6:35,17,NaN,0,0,NaN,17
talek,13436,k,7,9,1997,35680,7:04,7:20,5,1,1,0,0,16
talek,13536,k,15,9,1997,35688,6:35,8:08,13,8,1,0,0,93
talek,14018,o,13,11,1997,35747,17:52,18:05,5,1,0,1,NaN,13
talek,14470.8,k,3,1,1998,35798,6:59,7:09,10,16,1,0,0,10
talek,14471.4,k,3,1,1998,35798,7:34,7:55,9,NaN,1,1,NaN,21
talek,14480.6,k,6,1,1998,35801,6:19,6:24,6,1,0,1,NaN,5
talek,14581,o,28,1,1998,35823,8:19,8:26,1,1,0,1,NaN,7
talek,14626,o,2,2,1998,35828,6:56,7:08,3,4,0,1,0,12
talek,14632,k,3,2,1998,35829,7:10,8:01,5,2,1,0,0,51
talek,14687.2,o,14,2,1998,35840,18:35,18:40,1,1,0,1,NaN,5
talek,14743,k,27,2,1998,35853,18:29,18:50,10,1,1,0,0,21
talek,14802.1,o,18,3,1998,35872,7:47,8:00,1,1,0,1,NaN,13
talek,14815,k,20,3,1998,35874,7:49,8:02,3,2,0,1,NaN,13
talek,14998.1,o,17,6,1998,35963,6:08,6:23,6,14,0,1,NaN,15
talek,15042.2,o,27,6,1998,35973,18:41,18:53,6,7,0,1,0,12
talek,15074.1,o,6,7,1998,35982,6:19,6:24,3,1,1,0,0,5
talek,15089.3,k,9,7,1998,35985,8:08,8:13,3,NaN,1,1,NaN,5
talek,15102.2,o,12,7,1998,35988,18:01,18:06,4,NaN,0,1,NaN,5
talek,15103.1,o,12,7,1998,35988,18:41,19:08,14,14,0,0,4,27
talek,15106,k,13,7,1998,35989,7:36,7:53,5,2,1,0,1,17
talek,15170,c,28,7,1998,36004,7:03,8:06,5,1,0,0,0,63
talek,15257.4,o,18,8,1998,36025,7:12,7:17,1,1,1,0,0,5
talek,15304.2,o,9,9,1998,36047,6:35,6:40,5,1,0,0,1,5
talek,15357,k,2,10,1998,36070,6:34,8:03,19,8,1,0,5,89
talek,15382,c,6,10,1998,36074,6:28,6:43,4,2,1,1,0,15
talek,15398.4,o,10,10,1998,36078,7:26,7:31,1,5,0,1,NaN,5
talek,15465,k,25,10,1998,36093,5:59,6:52,29,6,1,0,0,53
talek,15467.1,c,25,10,1998,36093,18:28,19:25,22,6,1,0,1,57
talek,15488,o,30,10,1998,36098,6:05,7:16,17,8,1,0,1,71
talek,15491.1,o,31,10,1998,36099,6:23,6:28,2,5,0,1,NaN,5
talek,15668,k,10,11,1998,36109,6:10,7:23,19,2,1,0,0,73
talek,15675,o,10,11,1998,36109,18:01,18:17,5,NaN,0,1,NaN,16
talek,15682,o,10,11,1998,36109,18:50,19:00,12,NaN,0,1,NaN,10
talek,15703,k,11,11,1998,36110,7:13,7:41,7,3,1,1,NaN,28
talek,15756,k,14,11,1998,36113,6:37,7:06,18,1,1,1,0,29
talek,15766,k,21,11,1998,36120,6:03,6:54,22,2,1,1,0,51
talek,15821,o,24,11,1998,36123,6:52,6:58,2,5,0,0,0,6
talek,15881,k,28,11,1998,36127,6:01,6:09,3,1,1,0,0,8
talek,16309,k,17,12,1998,36146,6:33,7:30,13,1,1,0,0,57
talek,16391,k,22,12,1998,36151,5:52,6:37,15,9,1,0,0,45
talek,16441,o,24,12,1998,36153,6:33,6:38,1,1,0,1,NaN,5
talek,16522,k,28,12,1998,36157,18:10,18:15,3,NaN,1,1,NaN,5
talek,16676,k,6,1,1999,36166,7:18,8:24,10,3,1,0,2,66
talek,16794,o,16,1,1999,36176,8:11,8:16,2,2,0,1,NaN,5
talek,16814,o,25,1,1999,36185,6:52,6:57,4,3,0,1,0,5
talek,16815,k,25,1,1999,36185,7:32,7:44,9,1,1,1,NaN,12
talek,16847,o,27,1,1999,36187,7:55,8:33,22,7,0,0,0,38
talek,17071,o,12,2,1999,36203,8:19,8:24,1,NaN,0,1,NaN,5
talek,17151,o,17,2,1999,36208,19:12,19:17,NaN,NaN,0,0,NaN,5
talek,17246,o,25,2,1999,36216,19:01,19:13,3,1,0,1,0,12
talek,17418,k,9,3,1999,36228,7:15,7:27,12,NaN,1,1,0,12
talek,17492,k,17,3,1999,36236,6:46,7:49,32,3,1,0,1,63
talek,17679,k,14,4,1999,36264,6:51,7:22,12,4,1,0,0,31
talek,17789,c,20,4,1999,36270,17:46,18:26,12,8,1,0,1,40
talek,17926,o,27,4,1999,36277,6:37,6:43,4,11,0,1,NaN,6
talek,17955,c,28,4,1999,36278,6:50,7:48,2,11,0,1,NaN,58
talek,18010,k,1,5,1999,36281,7:58,8:30,17,10,1,0,0,32
talek,18128,o,7,5,1999,36287,7:05,7:10,6,4,0,1,NaN,5
talek,18204,o,11,5,1999,36291,6:36,6:41,1,2,0,1,NaN,5
talek,18344,k,22,5,1999,36302,7:17,7:42,9,1,1,1,0,25
talek,18410,o,26,5,1999,36306,6:48,7:36,16,2,0,0,0,48
talek,18412,k,26,5,1999,36306,7:59,8:23,4,5,1,1,0,24
talek,18473,n,31,5,1999,36311,6:36,7:03,14,1,0,1,0,27
talek,18492,o,1,6,1999,36312,6:39,6:44,2,5,0,1,NaN,5
talek,18522,o,2,6,1999,36313,7:22,7:40,6,2,0,1,NaN,18
talek,18574,k,6,6,1999,36317,7:46,8:00,3,2,1,1,NaN,14
talek,18707,d,14,6,1999,36325,6:36,8:16,20,1,0,0,3,100
talek,18739,k,16,6,1999,36327,8:02,8:19,NaN,NaN,0,0,NaN,17
talek,19165,k,22,7,1999,36363,7:34,7:39,3,3,1,1,NaN,5
talek,19178,k,23,7,1999,36364,7:51,8:26,4,4,1,0,0,35
talek,19185,k,24,7,1999,36365,6:50,7:11,9,1,1,1,0,21
talek,19244,c,29,7,1999,36370,6:11,8:00,9,1,0,1,0,109
talek,19317,c,3,8,1999,36375,6:29,7:13,5,2,1,0,0,44
talek,19357,k,5,8,1999,36377,6:29,7:32,22,6,1,0,3,63
talek,19366,k,6,8,1999,36378,6:41,7:52,11,2,1,0,0,71
talek,19570,k,18,8,1999,36390,6:22,7:30,16,3,1,0,1,68
talek,19572,k,18,8,1999,36390,7:30,8:45,16,2,1,0,2,75
talek,19682,m,3,9,1999,36406,6:49,7:51,16,4,0,0,2,62
talek,19859,o,17,9,1999,36420,8:42,8:53,9,2,0,1,NaN,11
talek,19926,k,23,9,1999,36426,6:11,7:08,13,1,1,0,2,57
talek,19957,k,26,9,1999,36429,6:08,6:28,9,1,1,1,0,20
talek,20602,o,19,11,1999,36483,7:17,7:22,2,2,0,1,NaN,5
talek,20815,k,29,1,1995,34728,6:51,8:48,15,1,1,0,3,117
talek,20952,o,3,3,1995,34761,18:14,19:25,2,1,0,0,0,71
talek,21041,k,3,12,1999,36497,6:30,7:25,29,NaN,1,1,0,55
talek,21104,k,6,12,1999,36500,6:42,6:54,5,1,1,0,0,12
talek,21136,k,8,12,1999,36502,6:11,7:38,31,4,1,0,9,87
talek,21311,k,18,12,1999,36512,7:01,8:05,16,4,1,0,0,64
talek,21313,d,18,12,1999,36512,8:29,8:34,1,3,0,1,NaN,5
talek,21378,d,22,12,1999,36516,6:13,6:38,24,1,0,0,1,25
talek,21379,k,22,12,1999,36516,6:42,6:48,8,5,1,1,NaN,6
talek,21390,d,23,12,1999,36517,6:09,7:06,34,3,0,0,0,57
talek,21394,k,23,12,1999,36517,18:04,18:56,24,1,1,0,0,52
talek,21409,c,24,12,1999,36518,7:22,7:27,2,1,1,1,NaN,5
talek,21410,k,24,12,1999,36518,7:25,7:30,3,2,1,1,NaN,5
talek,21418,k,25,12,1999,36519,6:41,6:56,17,1,1,0,1,15
talek,21437,o,26,12,1999,36520,6:32,6:50,3,3,0,1,0,18
talek,21458,k,27,12,1999,36521,6:41,7:08,14,1,1,1,NaN,27
talek,21522,o,31,12,1999,36525,6:40,7:06,9,NaN,0,1,0,26
talek,21654,o,7,1,2000,36532,18:12,18:17,1,2,0,1,NaN,5
talek,21742,o,24,1,2000,36549,18:52,18:57,1,1,0,0,0,5
talek,21764,o,26,1,2000,36551,7:43,8:01,4,3,0,1,NaN,18
talek,21844,k,31,1,2000,36556,7:36,8:00,7,2,1,1,NaN,24
talek,21906,o,5,2,2000,36561,6:24,6:29,4,2,0,1,NaN,5
talek,22025,k,12,2,2000,36568,18:22,18:27,2,1,1,1,NaN,5
talek,22087,o,16,2,2000,36572,18:31,19:23,13,2,0,0,1,52
talek,22162.1,o,21,2,2000,36577,18:07,18:12,1,2,0,1,NaN,5
talek,22191,o,23,2,2000,36579,7:30,7:57,10,5,0,1,NaN,27
talek,22209,o,24,2,2000,36580,18:40,19:17,11,1,0,0,2,37
talek,22278,k,12,3,2000,36597,6:43,7:01,10,1,1,0,0,18
talek,22367,k,19,3,2000,36604,7:03,8:50,25,NaN,1,0,0,107
talek,22529,k,6,4,2000,36622,19:05,19:26,16,3,1,0,2,21
talek,22543,k,8,4,2000,36624,6:49,7:43,20,6,1,0,1,54
talek,22551,o,8,4,2000,36624,18:27,18:53,6,2,0,0,0,26
talek,22876,c,27,4,2000,36643,6:35,6:46,18,2,1,1,0,11
talek,23112,o,17,5,2000,36663,6:44,6:51,2,4,0,1,NaN,7
talek,23142,o,19,5,2000,36665,18:16,18:21,1,3,0,1,NaN,5
talek,23212,k,24,5,2000,36670,6:59,7:46,20,NaN,1,1,NaN,47
talek,23314,o,3,6,2000,36680,6:53,6:58,1,8,0,1,NaN,5
talek,23357,k,6,6,2000,36683,7:04,7:23,25,2,1,1,0,19
talek,23381,k,8,6,2000,36685,6:22,6:53,22,2,1,0,0,31
talek,23688,k,7,7,2000,36714,6:08,8:04,37,4,1,0,0,116
talek,24594,k,18,9,2000,36787,6:48,6:53,2,NaN,1,0,0,5
talek,25402,o,6,12,2000,36866,7:43,7:49,1,2,0,0,0,6
talek,25814,d,10,1,2001,36901,6:26,6:37,5,2,0,1,NaN,11
talek,25815,o,10,1,2001,36901,6:40,6:53,3,NaN,0,1,NaN,13
talek,26390,d,12,3,2001,36962,6:08,6:32,14,NaN,0,1,NaN,24
talek,26440,o,15,3,2001,36965,6:44,6:51,3,NaN,0,1,NaN,7
talek,26717,o,4,4,2001,36985,19:46,19:51,3,3,0,1,NaN,5
talek,27017,k,2,5,2001,37013,18:10,19:16,20,NaN,1,1,NaN,66
talek,27189,o,12,5,2001,37023,6:44,7:22,11,1,0,0,0,38
talek,27233,k,15,5,2001,37026,7:17,7:55,1,5,1,0,0,38
talek,27237,d,15,5,2001,37026,18:42,19:32,3,2,0,1,0,50
,,,,,,,,,,,,,,
,554.375,1.857590116,,,,,,,,,,,,
talek,27256,o,17,5,2001,37028,7:26,7:33,1,5,0,1,NaN,7
talek,27353,k,23,5,2001,37034,7:34,7:39,4,1,1,1,NaN,5
talek,27425,k,27,5,2001,37038,6:46,8:06,22,2,1,0,2,80
talek,27743,o,12,6,2001,37054,8:03,8:08,1,NaN,0,1,NaN,5
talek,27770,k,13,6,2001,37055,7:24,7:37,22,6,1,0,0,13
talek,27824,o,15,6,2001,37057,5:51,6:00,8,5,0,0,0,9
talek,27847,o,15,6,2001,37057,19:04,19:09,2,5,0,1,NaN,5
talek,27947,o,21,6,2001,37063,6:19,6:24,1,5,0,1,NaN,5
talek,28037,k,26,6,2001,37068,6:54,8:27,17,3,1,0,1,93
talek,28126,k,3,7,2001,37075,6:01,6:55,7,3,1,0,0,54
talek,28215,o,9,7,2001,37081,6:55,7:00,3,2,0,1,NaN,5
talek,28354,k,24,7,2001,37096,6:22,7:17,9,NaN,1,0,1,55
talek,28506,k,1,8,2001,37104,19:47,20:36,15,2,1,0,5,49
talek,28662,k,19,8,2001,37122,5:51,6:50,23,4,1,1,0,59
talek,28843,o,29,8,2001,37132,7:20,7:28,3,1,0,1,NaN,8
talek,28870,d,31,8,2001,37134,5:45,6:25,4,1,0,0,1,40
talek,29087,o,16,9,2001,37150,7:40,7:45,1,1,0,1,NaN,5
talek,29174,k,20,9,2001,37154,7:02,7:07,1,NaN,1,1,NaN,5
talek,29177,k,20,9,2001,37154,7:56,9:01,23,3,1,0,4,65
talek,29615,k,26,10,2001,37190,6:25,6:30,1,9,1,1,0,5
talek,29720,k,3,11,2001,37198,6:51,6:56,5,4,1,0,0,5
talek,29724,o,3,11,2001,37198,7:21,7:40,5,7,0,1,NaN,19
talek,29853,k,10,11,2001,37205,18:28,18:40,2,3,1,1,NaN,12
talek,29863,o,11,11,2001,37206,6:29,6:45,8,3,0,1,0,16
talek,29936,o,17,11,2001,37212,6:42,7:07,24,NaN,0,0,2,25
talek,29940,k,17,11,2001,37212,7:53,8:13,17,3,1,0,0,20
talek,30255,k,1,12,2001,37226,18:45,19:31,20,4,1,0,0,46
talek,30458,k,12,12,2001,37237,7:29,7:51,13,NaN,1,1,NaN,22
talek,30553.1,o,21,12,2001,37246,6:50,6:55,2,3,0,1,NaN,5
talek,30553.161,o,25,12,2001,37250,18:38,18:44,1,8,0,1,NaN,6
talek,30553.49,k,18,12,2001,37243,7:58,8:15,2,14,1,1,NaN,17
talek,30553.5,k,17,12,2001,37242,6:04,6:19,18,8,1,0,0,15
talek,30553.73,o,19,12,2001,37244,7:20,7:27,10,8,0,1,NaN,7
talek,30637,k,8,1,2002,37264,7:18,7:25,4,NaN,0,1,NaN,7
talek,30804,k,22,1,2002,37278,6:15,6:20,4,6,1,1,NaN,5
talek,30995,o,7,2,2002,37294,19:09,19:14,1,NaN,0,1,NaN,5
talek,31033,o,9,2,2002,37296,18:15,18:52,16,1,0,1,0,37
talek,31094,k,11,2,2002,37298,19:43,20:39,24,5,1,0,5,56
talek,31148,o,14,2,2002,37301,7:10,7:30,6,6,0,0,0,20
talek,31229,k,18,2,2002,37305,7:37,8:38,35,NaN,1,0,4,61
talek,31375,o,24,2,2002,37311,6:32,6:37,3,4,0,1,NaN,5
talek,31393,o,24,2,2002,37311,18:22,18:27,2,3,0,1,NaN,5
talek,31464,o,27,2,2002,37314,16:29,16:34,1,4,0,1,NaN,5
talek,31472,k,27,2,2002,37314,18:31,18:36,1,NaN,1,1,NaN,5
talek,31473,o,27,2,2002,37314,18:33,18:38,1,5,0,1,NaN,5
talek,31531,o,1,3,2002,37316,7:17,7:22,1,NaN,0,1,NaN,5
talek,31592,k,4,3,2002,37319,7:21,7:47,8,3,1,0,2,26
talek,31600,o,6,3,2002,37321,6:48,7:34,17,4,1,1,0,46
talek,31660,o,8,3,2002,37323,18:19,18:25,8,4,0,1,NaN,6
talek,31778,o,17,3,2002,37332,7:58,8:03,4,4,0,1,NaN,5
talek,31786,o,18,3,2002,37333,6:35,7:15,17,2,1,0,0,40
talek,31836,o,20,3,2002,37335,18:18,18:23,3,2,0,1,NaN,5
talek,31969,k,26,3,2002,37341,6:24,6:32,1,6,1,1,NaN,8
talek,32018,k,28,3,2002,37343,6:28,6:43,11,1,1,0,1,15
talek,32167,o,6,4,2002,37352,8:03,8:08,1,1,0,1,NaN,5
talek,32210,k,9,4,2002,37355,6:23,6:37,4,7,1,0,0,14
talek,32600,o,30,5,2002,37406,18:49,18:54,1,NaN,0,1,NaN,5
talek,34708,k,23,6,2002,37430,18:12,18:39,1,5,1,1,NaN,27
talek,35226,o,12,8,2002,37480,6:35,7:17,13,1,0,1,NaN,42
talek,35671,k,19,9,2002,37518,6:46,6:59,8,1,1,1,NaN,13
talek,36412,k,19,11,2002,37579,6:41,7:20,27,2,1,0,1,39
talek,36570,o,6,12,2002,37596,6:47,7:32,20,1,0,0,3,45
talek,36578,o,6,12,2002,37596,18:48,18:58,4,1,0,0,0,10
talek,36660,k,12,12,2002,37602,19:04,19:34,7,1,1,0,1,30
talek,36673,k,16,12,2002,37606,18:20,19:15,11,4,1,0,0,55
talek,36890,o,14,1,2003,37635,5:40,5:45,1,5,0,1,NaN,5
talek,36950,o,19,1,2003,37640,6:45,7:46,7,3,0,0,0,61
talek,36973,o,22,1,2003,37643,18:58,19:22,9,1,0,0,1,24
talek,37110,k,6,2,2003,37658,6:05,7:02,7,6,1,0,0,57
talek,37197,k,15,2,2003,37667,6:43,7:05,7,3,1,0,0,22
talek,37227,o,18,2,2003,37670,7:43,7:48,1,6,0,1,NaN,5
talek,37390,k,4,3,2003,37684,7:20,8:11,4,1,1,1,0,51
talek,37404,d,5,3,2003,37685,5:47,6:29,6,1,0,1,NaN,42
talek,37828,d,12,4,2003,37723,6:58,7:14,8,1,1,1,NaN,16
talek,37838,k,13,4,2003,37724,6:16,7:31,27,5,1,0,3,75
talek,37841,k,13,4,2003,37724,8:11,8:16,5,1,1,0,1,5
talek,37893,o,18,4,2003,37729,21:16,21:21,2,7,0,1,NaN,5
talek,38121,k,20,5,2003,37761,19:12,19:40,11,6,1,0,0,28
talek,38308,o,9,6,2003,37781,18:31,18:36,3,4,1,1,NaN,5
talek,38309,o,9,6,2003,37781,18:36,18:41,1,1,0,1,NaN,5
talek,38490,k,30,6,2003,37802,7:01,7:57,20,2,1,0,5,56
talek,38556,k,7,7,2003,37809,5:51,6:47,15,8,1,0,1,56
talek,38590,k,12,7,2003,37814,8:10,8:25,3,1,1,0,0,15
talek,38604,k,13,7,2003,37815,6:32,7:15,24,1,1,0,0,43
talek,38613,o,14,7,2003,37816,6:46,6:51,1,1,0,1,NaN,5
talek,38652,k,17,7,2003,37819,7:06,8:40,30,7,1,0,4,94
talek,38704,o,25,7,2003,37827,17:53,18:00,2,4,0,1,NaN,7
talek,39072,k,3,9,2003,37867,9:00,9:30,4,1,1,1,0,30
talek,43679,d,26,1,2004,38012,7:59,8:04,1,0,0,1,NaN,5
talek,44196,o,9,3,2004,38055,6:37,6:42,4,2,0,1,NaN,5
talek,44198,k,9,3,2004,38055,6:55,7:38,13,3,1,1,0,43
talek,44726,o,29,4,2004,38106,18:03,18:08,1,3,0,1,NaN,5
talek,47839,o,17,5,2004,38124,18:37,18:55,15,3,0,0,0,18
talek,47845,k,18,5,2004,38125,6:03,6:11,3,5,1,1,0,8
talek,47869,o,18,5,2004,38125,18:56,19:09,2,1,0,1,0,13
talek,47873,o,18,5,2004,38125,19:49,19:54,1,6,0,1,NaN,5
talek,47932,o,21,5,2004,38128,17:55,18:00,1,1,0,1,NaN,5
talek,47939,o,22,5,2004,38129,5:59,6:04,1,1,0,1,NaN,5
talek,48032,k,31,5,2004,38138,6:00,7:35,22,4,1,0,0,95
talek,48051,o,2,6,2004,38140,6:43,6:57,6,1,0,1,0,14
talek,48111,o,5,6,2004,38143,6:55,7:00,2,1,0,1,NaN,5
talek,48112,o,5,6,2004,38143,7:01,8:03,9,1,0,1,0,62
talek,48123,k,5,6,2004,38143,19:11,19:59,17,1,1,1,0,48
talek,48201,k,10,6,2004,38148,8:05,8:12,1,3,1,1,NaN,7
talek,48208,o,10,6,2004,38148,19:17,19:28,4,3,0,1,0,11
talek,48251,o,12,6,2004,38150,8:00,8:05,NaN,NaN,0,1,NaN,5
talek,48262,o,13,6,2004,38151,17:55,18:14,5,8,0,1,0,19
talek,48314,o,17,6,2004,38155,7:01,7:06,1,1,1,1,NaN,5
talek,48440,o,4,7,2004,38172,7:23,7:33,2,1,0,0,0,10
talek,48855.1,k,11,8,2004,38210,7:34,9:05,13,1,1,0,1,91
talek,49403,k,12,10,2004,38272,6:26,8:28,23,3,1,0,0,122
talek,49476,k,15,10,2004,38275,5:39,7:14,24,3,1,0,0,95
talek,49635,o,24,10,2004,38284,6:11,7:16,32,2,0,0,1,65
talek,49685,k,28,10,2004,38288,6:03,8:02,28,2,1,0,5,119
talek,50077,k,23,11,2004,38314,6:42,7:30,18,4,1,0,0,48
talek,50126,k,27,11,2004,38318,6:17,7:24,15,4,1,0,0,67
talek,50169,k,30,11,2004,38321,6:51,8:12,26,1,1,1,0,81
talek,50183,c,1,12,2004,38322,6:02,7:56,26,1,0,0,4,114
talek,50291,o,7,12,2004,38328,6:46,6:51,1,1,0,1,NaN,5
talek,50293,k,7,12,2004,38328,7:08,7:29,11,1,1,1,NaN,21
talek,50339,d,14,12,2004,38335,18:32,19:26,3,1,0,1,0,54
talek,50454,k,21,12,2004,38342,18:27,19:00,1,9,1,0,0,33
talek,50466,o,23,12,2004,38344,6:31,7:13,15,2,0,0,0,42
talek,50469,o,23,12,2004,38344,18:14,18:19,1,3,0,1,NaN,5
talek,50561,k,30,12,2004,38351,6:03,6:10,4,1,1,1,0,7
talek,50664,o,5,1,2005,38357,5:55,6:07,8,2,0,1,NaN,12
talek,50675,o,5,1,2005,38357,7:14,7:23,3,3,0,1,NaN,9
talek,50720,k,7,1,2005,38359,6:40,7:31,12,6,1,0,0,51
talek,50886,o,16,1,2005,38368,6:13,6:38,14,2,0,1,NaN,25
talek,50887,k,16,1,2005,38368,7:15,7:30,6,10,1,1,NaN,15
talek,51068,k,25,1,2005,38377,5:51,6:41,20,5,1,0,1,50
talek,51109,o,27,1,2005,38379,7:19,7:24,1,8,0,1,NaN,5
talek,51149,o,29,1,2005,38381,7:32,7:37,1,4,0,1,NaN,5
talek,51306,k,11,2,2005,38394,16:11,17:44,16,1,1,0,1,93
talek,51596,c,5,3,2005,38416,6:14,7:10,28,1,0,0,2,56
talek,51756,o,12,3,2005,38423,6:42,7:27,15,6,0,1,NaN,45
talek,51854,o,17,3,2005,38428,6:11,6:48,18,9,0,1,NaN,37
talek,52021,c,30,3,2005,38441,18:50,19:06,11,3,0,1,NaN,16
talek,52200,c,15,4,2005,38457,6:18,6:25,5,7,1,1,NaN,7
talek,52215,k,16,4,2005,38458,6:13,6:26,13,7,1,1,NaN,13
talek,52231,o,17,4,2005,38459,18:16,18:21,2,4,0,1,NaN,5
talek,52329,o,24,4,2005,38466,7:15,7:20,7,8,0,1,NaN,5
talek,52344,o,25,4,2005,38467,18:31,18:36,1,7,0,1,NaN,5
talek,52684,o,7,5,2005,38479,6:22,7:00,6,NaN,0,1,NaN,38
talek,52875,o,1,6,2005,38504,18:19,18:33,2,1,0,1,NaN,14
talek,53014,k,11,6,2005,38514,6:12,6:41,5,9,1,1,NaN,29
talek,53055,c,15,6,2005,38518,6:46,7:17,9,1,1,1,NaN,31
talek,53057,k,15,6,2005,38518,6:16,7:04,15,9,1,0,1,48
talek,53065,k,15,6,2005,38518,19:02,19:17,19,1,1,0,0,15
talek,53074,k,16,6,2005,38519,6:10,7:46,17,1,1,0,2,96
talek,53110,k,18,6,2005,38521,6:03,7:45,40,12,1,0,3,102
talek,53124,o,19,6,2005,38522,18:08,18:24,11,1,0,1,NaN,16
talek,53277,k,3,7,2005,38536,6:22,6:40,4,8,1,1,NaN,18
talek,53495,c,25,7,2005,38558,7:00,7:24,3,2,1,1,NaN,24
talek,53581,k,30,7,2005,38563,6:16,7:14,16,12,1,0,0,58
talek,53591,o,30,7,2005,38563,18:04,18:38,23,6,0,1,NaN,34
talek,53594,o,30,7,2005,38563,19:04,19:15,14,3,0,1,NaN,11
talek,53639,k,5,8,2005,38569,6:54,7:04,7,8,1,1,NaN,10
talek,53731,o,9,8,2005,38573,6:18,6:47,23,2,0,1,NaN,29
talek,53827,o,12,8,2005,38576,6:44,6:49,1,1,0,1,NaN,5
talek,53843,o,12,8,2005,38576,18:36,18:58,5,2,0,1,NaN,22
talek,53858,o,13,8,2005,38577,7:22,7:27,5,1,0,1,NaN,5
talek,53992,k,20,8,2005,38584,6:10,8:00,25,3,1,0,2,110
talek,54209,o,6,9,2005,38601,7:37,8:03,4,1,0,1,NaN,26
talek,54390,k,17,9,2005,38612,7:11,8:13,13,1,1,0,7,62
talek,55002,o,2,11,2005,38658,18:20,19:08,2,6,0,1,NaN,48
talek,55171,k,17,11,2005,38673,6:47,6:55,1,2,1,1,0,8
talek,55583,o,15,12,2005,38701,6:53,6:58,1,6,0,1,NaN,5
talek,55625,k,17,12,2005,38703,7:25,7:48,5,6,1,0,1,23
talek,56284,k,23,1,2006,38740,18:18,19:48,25,5,1,0,2,90
talek,56287,o,23,1,2006,38740,18:30,18:41,6,1,0,1,NaN,11
talek,56289,o,24,1,2006,38741,6:19,6:50,37,1,0,0,2,31
talek,56968,o,23,3,2006,38799,17:07,18:00,2,10,0,1,NaN,53
talek,57064,k,30,3,2006,38806,18:41,19:19,23,6,1,0,4,38
talek,57106,k,2,4,2006,38809,7:02,7:37,6,4,1,0,3,35
talek,57426,o,23,4,2006,38830,6:17,6:48,3,1,0,1,NaN,31
talek,57429,o,23,4,2006,38830,7:10,7:32,4,3,0,1,NaN,22
talek,57440,o,23,4,2006,38830,18:24,18:34,3,5,0,1,NaN,10
talek,57449,o,25,4,2006,38832,17:32,17:55,5,5,0,1,NaN,23
talek,57480,k,27,4,2006,38834,6:05,7:33,21,6,1,0,3,88
talek,57520,o,29,4,2006,38836,8:59,9:08,2,2,0,1,NaN,9
talek,57574,o,2,5,2006,38839,18:16,18:28,1,6,0,1,NaN,12
talek,57668,o,9,5,2006,38846,6:46,7:09,7,4,0,1,NaN,23
talek,57764,k,14,5,2006,38851,6:48,7:11,5,7,1,1,NaN,23
talek,57811,o,22,5,2006,38859,18:06,18:16,1,5,0,1,NaN,10
talek,57854,o,24,5,2006,38861,16:18,16:33,1,1,0,1,NaN,15
talek,57947,k,29,5,2006,38866,6:16,7:47,16,3,1,0,0,91
talek,57957,k,29,5,2006,38866,18:32,18:53,1,2,1,1,NaN,21
talek,57990,o,31,5,2006,38868,6:36,6:41,1,4,0,1,NaN,5
talek,57999,o,31,5,2006,38868,18:14,18:25,4,2,1,0,1,11
talek,58014,k,1,6,2006,38869,17:55,18:20,2,4,1,0,0,25
talek,58038,d,4,6,2006,38872,6:15,8:02,26,9,1,0,3,107
talek,58097,o,7,6,2006,38875,6:53,7:08,4,5,0,1,NaN,15
talek,58193,k,11,6,2006,38879,17:29,18:49,23,1,1,0,1,80
talek,58235,o,14,6,2006,38882,7:59,8:06,1,1,0,1,NaN,7
talek,58286,o,17,6,2006,38885,6:07,6:34,7,1,0,1,NaN,27
talek,58472,k,2,7,2006,38900,7:15,7:27,1,3,1,1,NaN,12
talek,58980,o,13,8,2006,38942,7:47,7:52,1,5,0,1,NaN,5
talek,59051,o,19,8,2006,38948,6:11,7:16,26,1,0,0,0,65
talek,59956,o,27,2,2007,39140,7:58,8:03,1,9,0,1,NaN,5
talek,60071,k,12,3,2007,39153,20:42,21:06,1,9,1,1,NaN,24
talek,60232,o,7,4,2007,39179,9:36,10:00,1,3,0,0,0,24
talek,60238,o,7,4,2007,39179,19:11,19:27,2,4,0,1,NaN,16
talek,60278,o,24,4,2007,39196,18:32,19:06,2,4,0,1,NaN,34
talek,60348,o,2,5,2007,39204,7:14,7:19,1,1,1,1,NaN,5
talek,60455,o,23,5,2007,39225,6:07,6:32,2,3,0,1,NaN,25
talek,60953,d,5,8,2007,39299,7:06,7:42,14,3,0,0,2,36
talek,60968,o,16,8,2007,39310,8:15,9:07,14,1,0,1,NaN,52
talek,61001,k,22,8,2007,39316,6:55,8:38,25,6,1,0,3,103
talek,61203,c,26,9,2007,39351,18:25,18:42,5,7,1,1,NaN,17
talek,61582,c,14,11,2007,39400,6:07,6:48,16,2,1,0,0,41
talek,61708,k,3,12,2007,39419,6:10,6:21,9,1,1,1,NaN,11
talek,61877,k,16,1,2008,39463,6:30,7:05,7,18,1,1,0,35
talek,61944,o,26,1,2008,39473,18:42,18:47,2,1,0,1,NaN,5
talek,61950,o,27,1,2008,39474,7:29,8:46,28,8,0,0,3,77
talek,61957,c,27,1,2008,39474,18:57,19:09,13,1,1,1,NaN,12
talek,61959,o,28,1,2008,39475,8:03,8:08,4,1,0,1,NaN,5
talek,62011,k,6,2,2008,39484,6:48,6:53,1,6,1,1,NaN,5
talek,62017,k,6,2,2008,39484,9:49,9:54,16,2,1,1,NaN,5
talek,62018,o,6,2,2008,39484,10:05,10:10,7,5,0,1,NaN,5
talek,62049,o,13,2,2008,39491,6:59,7:04,2,1,0,1,NaN,5
talek,62229,o,22,3,2008,39529,6:33,7:20,15,1,0,1,0,47
talek,62232,k,23,3,2008,39530,6:27,6:57,25,16,1,1,0,30
talek,62244,k,25,3,2008,39532,6:29,6:34,2,9,1,1,0,5
talek,62245,o,25,3,2008,39532,6:39,6:44,2,15,0,1,NaN,5
talek,62246,o,25,3,2008,39532,6:45,6:50,4,1,0,1,NaN,5
talek,62253,o,25,3,2008,39532,18:23,18:28,4,1,0,1,NaN,5
talek,62255,k,25,3,2008,39532,18:31,19:41,18,4,1,0,1,70
talek,62264,o,26,3,2008,39533,18:04,18:12,7,1,0,1,NaN,8
talek,62375,o,11,4,2008,39549,18:47,19:30,NaN,1,0,0,0,43
talek,62413,k,14,4,2008,39552,6:07,6:33,5,11,1,0,0,26
talek,62438,k,16,4,2008,39554,6:19,6:24,1,10,1,1,NaN,5
talek,62520,o,24,4,2008,39562,19:12,19:17,2,8,0,1,NaN,5
talek,62668,o,19,5,2008,39587,18:34,18:39,2,2,0,1,NaN,5
talek,62860,o,12,6,2008,39611,18:18,18:31,4,2,0,1,0,13
talek,62861,o,12,6,2008,39611,18:33,18:40,3,2,0,0,0,7
talek,63213,o,30,7,2008,39659,5:48,5:53,3,8,0,1,NaN,5
talek,63323,k,12,8,2008,39672,6:18,7:35,12,2,1,0,2,77
talek,63348,k,14,8,2008,39674,6:54,7:43,14,1,1,1,NaN,49
talek,63638,k,30,9,2008,39721,17:33,17:38,1,1,1,1,NaN,5
talek,64183,o,18,11,2008,39770,6:50,7:07,2,6,0,1,NaN,17
talek,64205,o,19,11,2008,39771,6:14,6:28,6,1,0,0,1,14
talek,64207,o,19,11,2008,39771,6:36,6:41,7,1,0,1,NaN,5
talek,64258,o,3,12,2008,39785,6:49,7:08,6,5,0,0,1,19
talek,64288,o,4,12,2008,39786,6:38,6:43,1,2,0,1,NaN,5
talek,64374,o,8,12,2008,39790,18:36,18:41,2,2,0,1,NaN,5
talek,64386,k,9,12,2008,39791,5:59,7:03,23,6,0,0,2,64
talek,64446,o,13,12,2008,39795,6:45,6:50,2,1,0,1,NaN,5
talek,64477,o,15,12,2008,39797,6:22,7:27,15,8,0,1,0,65
talek,64548,o,21,12,2008,39803,18:05,18:10,1,3,0,1,NaN,5
talek,64570,k,23,12,2008,39805,5:31,5:46,4,12,1,1,NaN,15
talek,64651,k,30,12,2008,39812,5:52,7:38,21,6,0,1,0,106
talek,65063,o,18,2,2009,39862,6:42,7:59,9,3,0,1,NaN,77
talek,65338,k,26,5,2009,39959,17:09,18:18,20,1,1,1,NaN,69
talek,65409,k,31,5,2009,39964,18:33,18:48,1,1,1,1,NaN,15
talek,65510,o,10,6,2009,39974,6:47,6:52,1,2,0,1,NaN,5
talek,65532,o,11,6,2009,39975,19:17,19:56,11,8,0,0,0,39
talek,65544,k,12,6,2009,39976,17:32,19:02,29,1,1,0,1,90
talek,65664,o,21,6,2009,39985,18:00,18:05,3,1,0,1,NaN,5
talek,66369,k,19,8,2009,40044,6:56,7:01,2,5,1,1,NaN,5
talek,66407,o,21,8,2009,40046,6:49,8:18,22,3,0,0,0,89
talek,66419,k,22,8,2009,40047,8:40,8:48,21,3,1,0,0,8
talek,66446,o,23,8,2009,40048,18:58,19:03,2,4,0,1,0,5
talek,66471,o,25,8,2009,40050,19:01,19:18,18,2,0,0,1,17
talek,67174,o,16,10,2009,40102,8:34,8:39,2,3,0,1,NaN,5
talek,67607,o,26,11,2009,40143,7:18,7:29,5,2,0,0,1,11
talek,67623,o,28,11,2009,40145,6:20,7:26,18,7,0,0,4,66
talek,67624,o,28,11,2009,40145,7:40,7:48,13,1,0,1,0,8
talek,67637,k,29,11,2009,40146,7:04,7:24,1,1,1,1,NaN,20
talek,67745,o,7,12,2009,40154,8:00,8:29,5,1,0,1,0,29
talek,67756,k,8,12,2009,40155,18:19,18:47,6,1,0,0,2,28
talek,67763,k,10,12,2009,40157,5:54,6:41,32,4,1,0,0,47
talek,67880,o,22,12,2009,40169,6:59,7:39,20,1,0,0,4,40
talek,67916,c,24,12,2009,40171,8:15,8:32,6,2,1,1,NaN,17
talek,67921,o,27,12,2009,40174,6:57,7:02,1,1,0,1,NaN,5
talek,68053,o,17,1,2010,40195,5:27,5:34,1,3,0,0,0,7
talek,68074,o,20,1,2010,40198,6:33,6:43,5,3,0,1,NaN,10
talek,68344,o,6,2,2010,40215,17:37,17:42,1,1,0,1,NaN,5
talek,68365,o,7,2,2010,40216,18:24,18:29,2,1,0,1,NaN,5
talek,68432,k,11,2,2010,40220,19:01,19:06,2,9,1,1,NaN,5
talek,68488,o,22,2,2010,40231,6:57,7:02,1,1,0,1,NaN,5
talek,68701,o,19,3,2010,40256,19:49,19:54,1,1,0,1,NaN,5
talek,68743,c,23,3,2010,40260,18:20,18:53,9,2,1,1,NaN,33
talek,68867,o,30,3,2010,40267,7:44,7:51,4,2,0,0,0,7
talek,68911,o,2,4,2010,40270,19:38,19:43,3,1,0,1,NaN,5
talek,68931,o,3,4,2010,40271,17:48,17:55,7,1,0,1,NaN,7
talek,68937,o,3,4,2010,40271,18:25,18:30,1,3,0,1,NaN,5
talek,69037,k,9,4,2010,40277,9:23,10:15,12,2,1,0,1,52
talek,69126,o,16,4,2010,40284,5:56,6:01,1,1,0,1,NaN,5
talek,69173,k,20,4,2010,40288,7:33,8:21,23,6,1,0,0,48
talek,69255,o,26,4,2010,40294,7:47,7:52,1,5,0,1,NaN,5
talek,69384,k,30,4,2010,40298,17:43,18:59,39,3,0,0,2,76
talek,69528,o,6,5,2010,40304,17:43,17:48,2,4,0,1,NaN,5
talek,69549,c,8,5,2010,40306,18:08,18:14,4,1,0,0,0,6
talek,69604,k,16,5,2010,40314,18:22,19:08,23,1,1,0,2,46
talek,69651,o,20,5,2010,40318,7:08,7:24,2,9,0,0,0,16
talek,69678,o,21,5,2010,40319,6:09,6:22,5,1,0,1,NaN,13
talek,69755,o,24,5,2010,40322,6:17,6:22,1,1,0,1,NaN,5
talek,69760,k,24,5,2010,40322,8:58,9:03,3,1,1,1,NaN,5
talek,69794,o,27,5,2010,40325,7:25,7:33,1,4,0,1,0,8
talek,69969,o,7,6,2010,40336,17:22,17:32,NaN,NaN,0,0,NaN,10
talek,70073,o,13,6,2010,40342,18:00,18:05,2,1,0,0,0,5
talek,70078,k,13,6,2010,40342,19:16,19:40,10,1,1,0,0,24
talek,70141,k,17,6,2010,40346,6:00,7:39,36,3,1,0,1,99
talek,70179,k,18,6,2010,40347,7:08,8:00,18,3,1,0,2,52
talek,70184,k,18,6,2010,40347,8:38,8:52,9,1,1,0,0,14
talek,71475,c,9,11,2010,40491,19:00,19:09,10,2,0,0,0,9
talek,71681,k,12,12,2010,40524,6:16,8:28,20,3,1,0,3,132
talek,72105,o,4,2,2011,40578,18:23,19:33,3,2,0,0,0,70
talek,72258,d,28,2,2011,40602,7:52,8:03,3,2,0,0,0,11
talek,72266,o,28,2,2011,40602,18:36,19:15,10,2,0,0,0,39
talek,72320,k,5,3,2011,40607,6:27,8:18,41,3,1,0,2,111
talek,72506,k,7,4,2011,40640,18:34,18:56,1,17,1,1,NaN,22
talek,72524,k,8,4,2011,40641,7:01,7:45,15,14,1,1,0,44
talek,72826,o,9,5,2011,40672,19:05,19:10,3,2,0,1,NaN,5
talek,72963,k,18,5,2011,40681,18:57,19:20,7,1,1,1,0,23
talek,73124,k,1,6,2011,40695,6:00,9:09,25,20,1,0,0,189
talek,73151,c,2,6,2011,40696,7:07,7:12,2,4,1,1,NaN,5
talek,74336,k,20,9,2011,40806,8:01,8:06,1,3,1,1,NaN,5
talek,74551,o,11,10,2011,40827,7:45,8:21,30,1,0,1,NaN,36
talek,74674,c,24,10,2011,40840,5:49,7:37,28,1,1,0,0,108
talek,74888,k,18,11,2011,40865,19:35,19:42,3,1,1,0,1,7
talek,75684,c,3,2,2012,40942,7:19,7:46,2,6,1,0,0,27
talek,75951,c,25,2,2012,40964,6:19,7:03,48,11,0,0,3,44
talek,76041,o,2,3,2012,40970,7:17,7:32,3,12,0,0,0,15
talek,76330.1,k,23,3,2012,40991,5:20,5:42,19,3,1,1,NaN,22
talek,76598,k,5,5,2012,41034,16:33,16:38,1,5,1,1,NaN,5
talek,76692,o,18,5,2012,41047,17:37,17:42,1,2,0,1,NaN,5
talek,76694,o,18,5,2012,41047,17:43,17:48,1,2,0,1,NaN,5
talek,76723,o,19,5,2012,41048,17:57,18:02,2,1,0,1,NaN,5
talek,76744,o,21,5,2012,41050,6:18,6:23,1,3,0,1,NaN,5
talek,76926,o,29,5,2012,41058,17:53,18:01,1,1,0,0,0,8
talek,77022,o,2,6,2012,41062,17:29,17:34,1,4,0,1,NaN,5
talek,77099,o,7,6,2012,41067,6:32,8:17,18,6,1,0,3,105
talek,77224,o,14,6,2012,41074,5:49,7:24,39,2,0,0,4,95
talek,77237,k,15,6,2012,41075,17:57,18:53,18,3,1,1,NaN,56
talek,77250,k,16,6,2012,41076,5:52,6:54,20,12,1,0,0,62
talek,77254,o,16,6,2012,41076,5:57,6:53,12,4,0,1,NaN,56
talek,77256,k,16,6,2012,41076,6:59,7:54,22,6,1,0,4,55
talek,77286,k,18,6,2012,41078,5:52,6:43,45,6,1,0,1,51
talek,77290.1,c,18,6,2012,41078,5:49,5:57,2,1,0,1,NaN,8
talek,77348,o,20,6,2012,41080,7:13,7:37,6,3,0,1,0,24
talek,77458,o,29,6,2012,41089,17:51,18:08,4,1,0,1,NaN,17
talek,77479,c,30,6,2012,41090,8:10,8:49,5,6,1,1,0,39
talek,77667,k,10,7,2012,41100,7:42,9:26,24,6,1,0,0,104
talek,77681,k,12,7,2012,41102,6:42,7:24,7,6,1,0,0,42
talek,77684,c,12,7,2012,41102,7:54,8:00,1,4,1,1,NaN,6
talek,77685,o,12,7,2012,41102,8:02,8:07,3,2,0,1,NaN,5
talek,77721,o,14,7,2012,41104,6:44,6:57,1,7,0,1,NaN,13
talek,77724,c,14,7,2012,41104,7:13,8:19,43,6,1,0,6,66
talek,77749,o,15,7,2012,41105,7:50,7:56,5,3,0,1,NaN,6
talek,78360,c,26,8,2012,41147,8:33,9:03,25,9,0,0,0,30
talek,78564,c,17,9,2012,41169,6:16,8:05,28,3,1,0,1,109
talek,78684,o,22,9,2012,41174,9:07,9:34,12,2,0,0,0,27
talek,78795,c,1,10,2012,41183,18:11,19:03,14,1,0,0,6,52
talek,78815,o,3,10,2012,41185,6:09,7:45,26,2,0,0,9,96
talek,78824,o,3,10,2012,41185,17:27,17:32,1,2,0,1,NaN,5
talek,78832,o,3,10,2012,41185,19:05,19:22,12,2,0,0,2,17
talek,79357,k,16,11,2012,41229,7:02,8:05,36,2,1,0,1,63
talek,79432,k,20,11,2012,41233,18:02,18:42,22,1,1,0,0,40
talek,79498,c,25,11,2012,41238,18:13,18:36,8,4,0,0,0,23
talek,79834,c,17,12,2012,41260,6:05,7:49,36,9,1,0,1,104
talek,80003,o,30,12,2012,41273,6:13,6:36,7,2,0,1,NaN,23
talek,80207,k,19,1,2013,41293,6:49,7:41,31,2,1,0,2,52
talek,80249,o,22,1,2013,41296,6:19,6:48,8,5,0,0,0,29
talek,80301,o,24,1,2013,41298,18:43,18:48,1,4,0,1,NaN,5
talek,80411,o,28,1,2013,41302,18:05,18:10,1,4,0,1,0,5
talek,80449,o,1,2,2013,41306,17:32,17:40,4,4,0,1,NaN,8
talek,80511,o,7,2,2013,41312,6:50,6:58,2,4,0,1,NaN,8
talek,81061,o,8,6,2013,41433,6:23,6:42,8,3,0,1,NaN,19
talek,81889,o,6,4,2013,41370,7:03,8:15,2,3,0,0,0,72
talek,82122,o,3,5,2013,41397,7:48,8:02,1,1,0,0,0,14
talek,82209,o,7,5,2013,41401,18:30,18:38,2,3,0,1,0,8
talek,82236,k,8,5,2013,41402,18:27,18:32,9,2,1,0,0,5
talek,82253,o,11,5,2013,41405,19:57,20:02,2,1,0,1,NaN,5
talek,82308,o,14,5,2013,41408,6:07,6:12,1,3,0,1,NaN,5
talek,82394,o,19,5,2013,41413,18:33,18:42,1,3,0,1,NaN,9
talek,82406,c,20,5,2013,41414,6:08,8:09,28,1,0,0,4,121
talek,82472,o,22,5,2013,41416,7:09,7:42,1,4,0,1,NaN,33
talek,82493,c,23,5,2013,41417,6:28,6:38,13,2,1,1,0,10
talek,82549,k,26,5,2013,41420,8:08,8:54,NaN,4,1,0,0,46
talek,84642,o,19,11,2013,41597,6:32,6:51,3,2,0,1,0,19
talek,84818,o,4,12,2013,41612,6:39,7:01,13,1,0,1,NaN,22
talek,84829,o,5,12,2013,41613,6:37,6:53,1,1,0,1,NaN,16
talek,84831,c,5,12,2013,41613,6:56,7:40,10,1,1,1,NaN,44
talek,84930,k,22,12,2013,41630,7:10,8:28,37,2,1,0,3,78
talek,84963,d,24,12,2013,41632,19:00,19:58,26,14,0,0,0,58
